[
  {
    "id": "ah9e5",
    "name": "Suonyann",
    "level": 1,
    "race": "Succubus",
    "gender": "Female",
    "items": [
      "Beastly Leggings",
      "Revival Potion",
      "Beastly Cap",
      "Beastly Boots",
      "Surf's Up Shorts",
      "Armor Upgrade",
      "Big Sword",
      "Great Shield",
      "Health Potion"
    ],
    "loginDays": 4,
    "claimedRewards": [
      true,
      true,
      true,
      true,
      false,
      false,
      false
    ],
    "balance": 150,
    "loginRewards": [
      "Armor Upgrade",
      "Big Sword",
      "Great Shield",
      "Health Potion"
    ]
  },
  {
    "id": "wpfgl",
    "name": "Albright",
    "level": 10,
    "race": "Demon",
    "gender": "Male",
    "items": [
      "Beastly Boots",
      "Al Maajik Gold",
      "Sweetcorn",
      "Beast Tail",
      "Armor",
      "Armor Upgrade",
      "Big Sword",
      "Great Shield"
    ],
    "loginDays": 3,
    "claimedRewards": [
      true,
      true,
      true,
      false,
      false,
      false,
      false
    ],
    "balance": 50,
    "loginRewards": [
      "Armor Upgrade",
      "Big Sword",
      "Great Shield"
    ]
  },
  {
    "id": "jj5fj",
    "name": "Henrietta",
    "level": 1,
    "race": "Demon",
    "gender": "Male",
    "items": [
      "Swordfish",
      "Ring",
      "Beastly Boots",
      "Sweetcorn",
      "Swallow Tail"
    ],
    "loginDays": 1,
    "claimedRewards": [
      false,
      false,
      false,
      false,
      false,
      false,
      false
    ],
    "balance": 0,
    "loginRewards": [
      "Armor Upgrade"
    ]
  },
  {
    "id": "v6ih1",
    "name": "Henrietta",
    "level": 1,
    "race": "Demon",
    "gender": "Female",
    "items": [
      "Potion",
      "Beef",
      "Health Potion",
      "Al Maajik Bloom",
      "Sword of Heroes"
    ],
    "loginDays": 1,
    "claimedRewards": [
      false,
      false,
      false,
      false,
      false,
      false,
      false
    ],
    "balance": 0,
    "loginRewards": [
      "Armor Upgrade"
    ]
  },
  {
    "id": "ntd69",
    "name": "Dorringo",
    "level": 1,
    "race": "Elf",
    "gender": "Male",
    "items": [
      "Beaver Beam",
      "Small Sword",
      "Large Sword",
      "Swimming Ring",
      "Sword of Heroes"
    ],
    "loginDays": 1,
    "claimedRewards": [
      false,
      false,
      false,
      false,
      false,
      false,
      false
    ],
    "balance": 0,
    "loginRewards": [
      "Armor Upgrade"
    ]
  },
  {
    "id": "7paro",
    "name": "Dorrina",
    "level": 1,
    "race": "Elf",
    "gender": "Female",
    "items": [
      "Revival Potion",
      "Al Maajik Memento",
      "Swallow Tail",
      "Large Sword",
      "Sweet Potato",
      "Armor Upgrade",
      "Big Sword",
      "Great Shield"
    ],
    "loginDays": 4,
    "claimedRewards": [
      true,
      true,
      true,
      true,
      false,
      false,
      false
    ],
    "balance": 250,
    "loginRewards": [
      "Armor Upgrade",
      "Big Sword",
      "Great Shield",
      "Health Potion"
    ]
  },
  {
    "id": "ixdn9",
    "name": "Henya",
    "level": 1,
    "race": "Angel",
    "gender": "Female",
    "items": [
      "Angel's Grace Helmet",
      "Beastly Boots",
      "Sword of Heroes",
      "Super Speed Boots",
      "Al Maajik Memento",
      "Armor Upgrade"
    ],
    "loginDays": 1,
    "claimedRewards": [
      true,
      false,
      false,
      false,
      false,
      false,
      false
    ],
    "balance": 0,
    "loginRewards": [
      "Armor Upgrade"
    ]
  },
  {
    "id": "en0f8",
    "name": "Nerissa Ravencroft",
    "level": 6,
    "race": "Succubus",
    "gender": "Female",
    "items": [
      "Boots",
      "Necklace",
      "Beef",
      "Ice Staff",
      "Armor Upgrade",
      "Shield",
      "Big Sword",
      "Great Shield",
      "Health Potion",
      "Angel's Grace Helmet",
      "Super Speed Boots",
      "Revival Potion"
    ],
    "loginDays": 3,
    "claimedRewards": [
      true,
      true,
      true,
      true,
      true,
      true,
      true
    ],
    "balance": 50,
    "loginRewards": [
      "Armor Upgrade",
      "Big Sword",
      "Great Shield",
      "Health Potion",
      "Angel's Grace Helmet",
      "Super Speed Boots",
      "Revival Potion"
    ]
  }
]